Department of Veterans Affairs Detroit Medical Center,432,4646 John R Rd.,Department of Veteran Affair,48201
St. John Hospital & Medical Ctr. - Detroit,572,22101 Moross Rd.,St. John Health System,48236
Detroit Receiving Hospital,279,4201 Saint Antoine Ave.,Detroit Medical Center,48207
Hutzel Hospital,244,4707 Saint Antoine Ave.,Detroit Medical Center,48207
Grace/Sinai Hospital,551,6071 W. Outer Dr.,Detroit Medical Center,48235
Henry Ford Hospital - Detroit,903,2799 W. Grand Blvd.,Henry Ford Health System,48202
Harper Hospital,639,3990 John R St.,Detroit Medical Center,48201
Childrens Hospital of Michigan,245,3901 Beaubien Ave.,Detroit Medical Center,48207
